{"timestamps": [1544681585.115669, 1544681590.387271, 1544681595.673575, 1544681600.527442, 1544681604.958985, 1544681608.597675, 1544681613.087996, 1544681617.154222, 1544681621.255421, 1544681626.353401, 1544681630.266271, 1544681635.364976, 1544681639.872949, 1544681643.686771, 1544681648.214353, 1544681653.00907, 1544681657.447137, 1544681661.449802, 1544681665.445842, 1544681669.902693, 1544681673.857587, 1544681677.982256, 1544681681.882813, 1544681685.59598, 1544681689.90011, 1544681693.9493, 1544681697.737749, 1544681703.553131, 1544681707.939909, 1544681711.508163, 1544681715.56927, 1544681720.297787, 1544681724.86758, 1544681734.362561, 1544681739.355335, 1544681745.151144, 1544681750.458434, 1544681754.559546, 1544681758.79357, 1544681762.36019, 1544681766.406731, 1544681771.911812, 1544681776.786772, 1544681783.052907, 1544681788.08916, 1544681794.847951, 1544681800.188273, 1544681806.39759, 1544681811.925932, 1544681816.849859, 1544681822.655614, 1544681827.885115, 1544681832.74758, 1544681837.768893, 1544681843.065311, 1544681850.05866, 1544681854.758926, 1544681858.924101, 1544681863.40073, 1544681868.002874, 1544681872.221251, 1544681875.913546, 1544681879.801488, 1544681884.193509, 1544681890.047902, 1544681894.219989, 1544681898.237371, 1544681902.147141, 1544681906.943186, 1544681911.269221, 1544681915.252469, 1544681918.529394, 1544681922.950432, 1544681927.355049, 1544681931.068743, 1544681934.604961, 1544681938.661873, 1544681943.42714, 1544681947.617698, 1544681952.288649, 1544681955.831919, 1544681959.926783, 1544681963.970879, 1544681968.520046, 1544681972.426647, 1544681975.927832, 1544681980.10006, 1544681983.626923, 1544681987.292285, 1544681991.730846, 1544681996.415607, 1544681999.98577, 1544682004.711792, 1544682008.940132, 1544682012.668339, 1544682016.557527, 1544682020.339748, 1544682023.92175, 1544682028.272113, 1544682032.87183, 1544682036.354984, 1544682040.41839, 1544682046.097227, 1544682049.955809, 1544682055.96433, 1544682059.233723, 1544682062.563389, 1544682067.539239, 1544682071.587268, 1544682075.453864, 1544682080.454788, 1544682084.643485, 1544682088.31937, 1544682092.054395, 1544682096.001613, 1544682100.146592, 1544682103.92993, 1544682107.593843, 1544682111.875258, 1544682115.289441, 1544682119.940143], "initial_reset_timestamp": 1544681580.304317, "episode_types": ["t", "t", "t", "t", "t", "t", "t", "t", "t", "t", "t", "t", "t", "t", "t", "t", "t", "t", "t", "t", "t", "t", "t", "t", "t", "t", "t", "t", "t", "t", "t", "t", "t", "t", "t", "t", "t", "t", "t", "t", "t", "t", "t", "t", "t", "t", "t", "t", "t", "t", "t", "t", "t", "t", "t", "t", "t", "t", "t", "t", "t", "t", "t", "t", "t", "t", "t", "t", "t", "t", "t", "t", "t", "t", "t", "t", "t", "t", "t", "t", "t", "t", "t", "t", "t", "t", "t", "t", "t", "t", "t", "t", "t", "t", "t", "t", "t", "t", "t", "t", "t", "t", "t", "t", "t", "t", "t", "t", "t", "t", "t", "t", "t", "t", "t", "t", "t", "t", "t", "t", "t", "t"], "episode_lengths": [1181, 1274, 1809, 1587, 1466, 1164, 1471, 1316, 1104, 1674, 1250, 1636, 1447, 1232, 1508, 1393, 1256, 1087, 1024, 1464, 1303, 1319, 1192, 1232, 1444, 1304, 1266, 1353, 1438, 1181, 1340, 1508, 1272, 1434, 1267, 1315, 1426, 1211, 1275, 1124, 1291, 1638, 1259, 1266, 1187, 1515, 1335, 1548, 1353, 1175, 1274, 1023, 1091, 1256, 1345, 1551, 1492, 1324, 1355, 1429, 1340, 1178, 1260, 1293, 1330, 1338, 1350, 1319, 1641, 1455, 1419, 1103, 1501, 1464, 1188, 1089, 1344, 1556, 1415, 1590, 1176, 1385, 1356, 1551, 1310, 1181, 1421, 1171, 1186, 1417, 1467, 1188, 1660, 1421, 1177, 1354, 1302, 1175, 1380, 1456, 1111, 1347, 1905, 1251, 1922, 1094, 1117, 1633, 1336, 1267, 1657, 1421, 1266, 1256, 1277, 1392, 1224, 1169, 1393, 1101, 1345], "episode_rewards": [-21.0, -21.0, -18.0, -19.0, -20.0, -21.0, -20.0, -20.0, -21.0, -21.0, -21.0, -20.0, -21.0, -20.0, -19.0, -20.0, -21.0, -21.0, -21.0, -20.0, -20.0, -20.0, -21.0, -20.0, -19.0, -20.0, -21.0, -21.0, -19.0, -21.0, -21.0, -21.0, -21.0, -21.0, -21.0, -20.0, -21.0, -20.0, -21.0, -21.0, -20.0, -18.0, -21.0, -21.0, -21.0, -21.0, -21.0, -20.0, -21.0, -21.0, -21.0, -21.0, -21.0, -21.0, -21.0, -18.0, -19.0, -21.0, -21.0, -21.0, -21.0, -21.0, -21.0, -20.0, -21.0, -21.0, -19.0, -20.0, -20.0, -20.0, -21.0, -21.0, -21.0, -20.0, -21.0, -21.0, -21.0, -20.0, -21.0, -19.0, -21.0, -20.0, -21.0, -20.0, -20.0, -21.0, -21.0, -21.0, -21.0, -21.0, -18.0, -21.0, -21.0, -21.0, -21.0, -21.0, -20.0, -21.0, -20.0, -20.0, -21.0, -21.0, -21.0, -21.0, -21.0, -21.0, -21.0, -20.0, -21.0, -21.0, -19.0, -21.0, -21.0, -21.0, -19.0, -20.0, -20.0, -21.0, -20.0, -21.0, -21.0]}